<?xml version="1.0" encoding="UTF-8"?>
<GenRun Id="impl_1" LaunchPart="xc7a35tcpg236-1" LaunchTime="1671185821">
  <File Type="WBT-USG" Name="usage_statistics_webtalk.html"/>
  <File Type="BITSTR-SYSDEF" Name="combination_lock.sysdef"/>
  <File Type="BITSTR-LTX" Name="debug_nets.ltx"/>
  <File Type="BITSTR-LTX" Name="combination_lock.ltx"/>
  <File Type="BG-BGN" Name="combination_lock.bgn"/>
  <File Type="NPI_FILE" Name="combination_lock.npi"/>
  <File Type="BG-DRC" Name="combination_lock.drc"/>
  <File Type="RNPI_FILE" Name="combination_lock.rnpi"/>
  <File Type="CFI_FILE" Name="combination_lock.cfi"/>
  <File Type="RCFI_FILE" Name="combination_lock.rcfi"/>
  <File Type="PDI-FILE" Name="combination_lock.pdi"/>
  <File Type="BITSTR-MMI" Name="combination_lock.mmi"/>
  <File Type="BITSTR-BMM" Name="combination_lock_bd.bmm"/>
  <File Type="BITSTR-NKY" Name="combination_lock.nky"/>
  <File Type="BITSTR-RBT" Name="combination_lock.rbt"/>
  <File Type="BITSTR-MSK" Name="combination_lock.msk"/>
  <File Type="RBD_FILE" Name="combination_lock.rbd"/>
  <File Type="BG-BIN" Name="combination_lock.bin"/>
  <File Type="BG-BIT" Name="combination_lock.bit"/>
  <File Type="POSTROUTE-PHYSOPT-BUS-SKEW-RPX" Name="combination_lock_bus_skew_postroute_physopted.rpx"/>
  <File Type="POSTROUTE-PHYSOPT-BUS-SKEW-PB" Name="combination_lock_bus_skew_postroute_physopted.pb"/>
  <File Type="POSTROUTE-PHYSOPT-BUS-SKEW" Name="combination_lock_bus_skew_postroute_physopted.rpt"/>
  <File Type="RDI-RDI" Name="combination_lock.vdi"/>
  <File Type="POSTROUTE-PHYSOPT-TIMING-RPX" Name="combination_lock_timing_summary_postroute_physopted.rpx"/>
  <File Type="POSTROUTE-PHYSOPT-TIMING-PB" Name="combination_lock_timing_summary_postroute_physopted.pb"/>
  <File Type="POSTROUTE-PHYSOPT-TIMING" Name="combination_lock_timing_summary_postroute_physopted.rpt"/>
  <File Type="POSTROUTE-PHYSOPT-BLACKBOX-DCP" Name="combination_lock_postroute_physopt_bb.dcp"/>
  <File Type="POSTROUTE-PHYSOPT-DCP" Name="combination_lock_postroute_physopt.dcp"/>
  <File Type="ROUTE-BUS-SKEW" Name="combination_lock_bus_skew_routed.rpt"/>
  <File Type="ROUTE-CLK" Name="combination_lock_clock_utilization_routed.rpt"/>
  <File Type="ROUTE-SIMILARITY" Name="combination_lock_incremental_reuse_routed.rpt"/>
  <File Type="ROUTE-TIMING-RPX" Name="combination_lock_timing_summary_routed.rpx"/>
  <File Type="ROUTE-TIMING-PB" Name="combination_lock_timing_summary_routed.pb"/>
  <File Type="ROUTE-TIMINGSUMMARY" Name="combination_lock_timing_summary_routed.rpt"/>
  <File Type="ROUTE-STATUS-PB" Name="combination_lock_route_status.pb"/>
  <File Type="ROUTE-STATUS" Name="combination_lock_route_status.rpt"/>
  <File Type="ROUTE-PWR-RPX" Name="combination_lock_power_routed.rpx"/>
  <File Type="ROUTE-PWR-SUM" Name="combination_lock_power_summary_routed.pb"/>
  <File Type="ROUTE-PWR" Name="combination_lock_power_routed.rpt"/>
  <File Type="ROUTE-METHODOLOGY-DRC-PB" Name="combination_lock_methodology_drc_routed.pb"/>
  <File Type="ROUTE-METHODOLOGY-DRC-RPX" Name="combination_lock_methodology_drc_routed.rpx"/>
  <File Type="ROUTE-METHODOLOGY-DRC" Name="combination_lock_methodology_drc_routed.rpt"/>
  <File Type="ROUTE-DRC-RPX" Name="combination_lock_drc_routed.rpx"/>
  <File Type="ROUTE-DRC-PB" Name="combination_lock_drc_routed.pb"/>
  <File Type="ROUTE-DRC" Name="combination_lock_drc_routed.rpt"/>
  <File Type="ROUTE-BLACKBOX-DCP" Name="combination_lock_routed_bb.dcp"/>
  <File Type="ROUTE-DCP" Name="combination_lock_routed.dcp"/>
  <File Type="ROUTE-ERROR-DCP" Name="combination_lock_routed_error.dcp"/>
  <File Type="PHYSOPT-TIMING" Name="combination_lock_timing_summary_physopted.rpt"/>
  <File Type="PHYSOPT-DRC" Name="combination_lock_drc_physopted.rpt"/>
  <File Type="PHYSOPT-DCP" Name="combination_lock_physopt.dcp"/>
  <File Type="POSTPLACE-PWROPT-TIMING" Name="combination_lock_timing_summary_postplace_pwropted.rpt"/>
  <File Type="POSTPLACE-PWROPT-DCP" Name="combination_lock_postplace_pwropt.dcp"/>
  <File Type="PLACE-TIMING" Name="combination_lock_timing_summary_placed.rpt"/>
  <File Type="PLACE-PRE-SIMILARITY" Name="combination_lock_incremental_reuse_pre_placed.rpt"/>
  <File Type="PLACE-SIMILARITY" Name="combination_lock_incremental_reuse_placed.rpt"/>
  <File Type="PLACE-CTRL" Name="combination_lock_control_sets_placed.rpt"/>
  <File Type="PLACE-UTIL-PB" Name="combination_lock_utilization_placed.pb"/>
  <File Type="PLACE-UTIL" Name="combination_lock_utilization_placed.rpt"/>
  <File Type="PLACE-CLK" Name="combination_lock_clock_utilization_placed.rpt"/>
  <File Type="PLACE-IO" Name="combination_lock_io_placed.rpt"/>
  <File Type="PLACE-DCP" Name="combination_lock_placed.dcp"/>
  <File Type="PWROPT-TIMING" Name="combination_lock_timing_summary_pwropted.rpt"/>
  <File Type="PWROPT-DRC" Name="combination_lock_drc_pwropted.rpt"/>
  <File Type="PWROPT-DCP" Name="combination_lock_pwropt.dcp"/>
  <File Type="OPT-TIMING" Name="combination_lock_timing_summary_opted.rpt"/>
  <File Type="OPT-HWDEF" Name="combination_lock.hwdef"/>
  <File Type="OPT-METHODOLOGY-DRC" Name="combination_lock_methodology_drc_opted.rpt"/>
  <File Type="OPT-DRC" Name="combination_lock_drc_opted.rpt"/>
  <File Type="OPT-DCP" Name="combination_lock_opt.dcp"/>
  <File Type="INIT-TIMING" Name="combination_lock_timing_summary_init.rpt"/>
  <File Type="ROUTE-BUS-SKEW-RPX" Name="combination_lock_bus_skew_routed.rpx"/>
  <File Type="REPORTS-TCL" Name="combination_lock_reports.tcl"/>
  <File Type="ROUTE-BUS-SKEW-PB" Name="combination_lock_bus_skew_routed.pb"/>
  <File Type="PA-TCL" Name="combination_lock.tcl"/>
  <FileSet Name="sources" Type="DesignSrcs" RelSrcDir="$PSRCDIR/sources_1" RelGenDir="$PGENDIR/sources_1">
    <Filter Type="Srcs"/>
    <File Path="$PSRCDIR/sources_1/new/v_d_flip_flop_rise.vhd">
      <FileInfo>
        <Attr Name="UsedIn" Val="synthesis"/>
        <Attr Name="UsedIn" Val="simulation"/>
      </FileInfo>
    </File>
    <File Path="$PSRCDIR/sources_1/new/vi_d_flip_flop.vhd">
      <FileInfo>
        <Attr Name="UsedIn" Val="synthesis"/>
        <Attr Name="UsedIn" Val="simulation"/>
      </FileInfo>
    </File>
    <File Path="$PSRCDIR/sources_1/new/vi_ripple_5_dff.vhd">
      <FileInfo>
        <Attr Name="UsedIn" Val="synthesis"/>
        <Attr Name="UsedIn" Val="simulation"/>
      </FileInfo>
    </File>
    <File Path="$PSRCDIR/sources_1/new/combination_lock.vhd">
      <FileInfo>
        <Attr Name="UsedIn" Val="synthesis"/>
        <Attr Name="UsedIn" Val="simulation"/>
      </FileInfo>
    </File>
    <File Path="$PSRCDIR/sources_1/new/harrys_or_gate_5.vhd">
      <FileInfo>
        <Attr Name="AutoDisabled" Val="1"/>
        <Attr Name="UsedIn" Val="synthesis"/>
        <Attr Name="UsedIn" Val="simulation"/>
      </FileInfo>
    </File>
    <File Path="$PSRCDIR/sources_1/new/vi_ripple_5.vhd">
      <FileInfo>
        <Attr Name="AutoDisabled" Val="1"/>
        <Attr Name="UsedIn" Val="synthesis"/>
        <Attr Name="UsedIn" Val="simulation"/>
      </FileInfo>
    </File>
    <File Path="$PSRCDIR/sources_1/new/vi_t_flip_flop.vhd">
      <FileInfo>
        <Attr Name="AutoDisabled" Val="1"/>
        <Attr Name="UsedIn" Val="synthesis"/>
        <Attr Name="UsedIn" Val="simulation"/>
      </FileInfo>
    </File>
    <Config>
      <Option Name="DesignMode" Val="RTL"/>
      <Option Name="TopModule" Val="combination_lock"/>
    </Config>
  </FileSet>
  <FileSet Name="constrs_in" Type="Constrs" RelSrcDir="$PSRCDIR/constrs_1">
    <Filter Type="Constrs"/>
    <File Path="$PSRCDIR/constrs_1/imports/practical_1/basys3.xdc">
      <FileInfo>
        <Attr Name="ImportPath" Val="$PPRDIR/basys3.xdc"/>
        <Attr Name="ImportTime" Val="1670582076"/>
        <Attr Name="UsedIn" Val="synthesis"/>
        <Attr Name="UsedIn" Val="implementation"/>
      </FileInfo>
    </File>
    <Config>
      <Option Name="ConstrsType" Val="XDC"/>
    </Config>
  </FileSet>
  <FileSet Name="utils" Type="Utils" RelSrcDir="$PSRCDIR/utils_1">
    <Filter Type="Utils"/>
    <Config>
      <Option Name="TopAutoSet" Val="TRUE"/>
    </Config>
  </FileSet>
  <Strategy Version="1" Minor="2">
    <StratHandle Name="Vivado Implementation Defaults" Flow="Vivado Implementation 2020"/>
    <Step Id="init_design"/>
    <Step Id="opt_design"/>
    <Step Id="power_opt_design"/>
    <Step Id="place_design"/>
    <Step Id="post_place_power_opt_design"/>
    <Step Id="phys_opt_design"/>
    <Step Id="route_design"/>
    <Step Id="post_route_phys_opt_design"/>
    <Step Id="write_bitstream"/>
  </Strategy>
</GenRun>
